{
  "0": 4.107708,
  "500": 1.637606,
  "716": 1.557146
}
